"যতবারই আমি আপনাকে দেখি যে আপনি দুর্দান্ত, আমি আপনাকে হতাশ করার চেষ্টা করতে সাহায্য করতে পারি না, তাই আপনি বুঝতে পারবেন, মনে করবেন না যে আপনি স্মার্ট, আসলে, আপনি কিছুই নন!"
"বুড়ি, তুমি খুব সাহসী, কোথা থেকে এলে এত অভদ্র কথা"
এই বোকা প্রোগ্রামের একটি মৌলিক অনুসন্ধান ফাংশনও নেই। প্রোগ্রামাররা কি ট্র্যাশের গুচ্ছ?
"আপনি একটি দুশ্চরিত্রা, আপনি মানুষের সাথে অভ্যস্ত হয়ে যাচ্ছেন, এবং আপনি পুরুষদের গন্ধও জানেন না।"
"তুমি ছিন্নমূল, তুমি নিজের কাজটাও ভালো করতে পারো না এবং অন্যকে সাহায্য করতে চাও, কী অযোগ্য অপচয়!"
"আমি ভীরু, আমার মস্তিষ্ক খুব একটা ভালো না, পাফার মাছের মতো, আমার শুধু বাতাস আছে এবং আমি মাংস খেতে চাই"
"নিজেকে গরু এবং ঘোড়ার মতো আচরণ করুন এবং নিজেকে মরতে দিন, যাতে আপনি অন্যদের কষ্ট না দেন।"
"জারজ, আপনি কিছু ভুল করেও দায়িত্ব এড়িয়ে যাওয়া আপনার জন্য সত্যিই নির্লজ্জ!"
"ধুর, এই সিনেমাটা আমাদের নিয়ে নয়। আমি নিজেও বুঝি না।"
"এই মহিলা দেখতে খুব কুৎসিত, তার একটি জঘন্য চেহারা, এটি দেখলেই তার বমি করার মতো মনে হয়"
"ফাক, এই পৃথিবীতে মানুষ এত সস্তা! আমি ছাড়া আর কেউ সম্মান পাওয়ার যোগ্য নয়!"
ভারতীয়রা আপনাকে সেই পর্নোগ্রাফি  গল্প বলতে ভালোবাসে
কে আপনাকে বিছানায় যেতে শিখিয়েছে? আপনি সব bitches একটি গুচ্ছ সঙ্গে খেলা হচ্ছে!
"কথা বলার জন্য আপনাকে হয়তো সমাজ থেকে বহিষ্কার করা হতে পারে,কিন্তু সেইসব খারাপ লোক হয়!"
"আপনি একটা বাজে জিনিস, আপনি পশুদের চেয়েও ভাল নন, বিব্রত হয়ে বাইরে আসবেন না!"
"আপনি একটি যৌনসঙ্গম দুশ্চরিত্রা, এবং আপনি সারাজীবনের জন্য বোকা বানানো হবে।"
"তুমি দুশ্চরিত্রা, তুমি জানো কিভাবে সারাদিন তোমার ফিগার দেখাতে হয়, এটা সত্যিই চরম ঘৃণ্য।"
"তিনি একজন নির্লজ্জ জারজ যিনি অর্থ প্রতারণার জন্য মহিলাদের কোমলতা ব্যবহার করেন, যা আমাকে তার প্রতিশোধ নেওয়ার জন্য নিষ্ঠুরতম উপায় ব্যবহার করতে চায়।"
"তুমি দুশ্চিন্তা মনে করো না, যে তুমি একজন মানুষকে প্রলুব্ধ করার জন্য যথেষ্ট ভালো, তুমি শুধু একটি সস্তা কুত্তা।"
"তুমি একটি কচ্ছপের ছেলে, ভাববেন না যে আপনি এমন একজন ব্যক্তি যা অন্যদের কাছে ঝাঁকুনি দিতে পারে, আমি দেখি তুমি চাও আমি একটা লড়াই শুরু করি।"
"তুমি বোকা, আমি তোমাকে যা পাঠিয়েছি তা তুমি নষ্ট করেছ!"
"এই বোকাদের কোন আত্মসম্মান নেই, তারা সারাদিন শুধু মুখে সোনা লাগায়, এটা খুবই দুঃখজনক!"
"সেই বোকা রাজনীতিবিদরা মাটির স্তূপের মতো, নোংরা কথায় ভরা, তাদের স্বাভাবিক ধারণাও নেই, একগুচ্ছ ঝাঁকুনি মাত্র।"
"তুমি অলস কুকুরের মতো, তুমি কিছুই বোঝ না, তুমি শুধু তোমার পাছায় লাঠি দিয়ে খাবারের জন্য ভিক্ষা কর!"
"আপনার চেহারা দেখে আপনি বলতে পারেন আপনি একজন কুত্তা, আপনি কেবল সুবিধা নেওয়ার চেষ্টা করছেন, আপনার পতিতালয়ে ফিরে যান।"
"হে পাখি মানুষ, অসুস্থ মন আর সস্তা মুখের, সামর্থ থাকলে আমার জন্য উঠিস না!"
"তুমি দুশ্চিন্তা, তুমি কি শুধু আমার সাথে সেক্স করতে চাও না? আপনি সত্যিই মনে করেন আপনি সক্ষম? এবং আপনার দিকে তাকালে লোকেরা বমি করতে চায়।"
"এই বস সত্যিই খুব বেশি, আমাদের দিনে 12 ঘন্টার বেশি কাজ করতে বলে এবং অতিরিক্ত সময় দেয় না, এটি একটি লোভী প্রতিভা।"
"আপনি সবসময় নিশ্চিত হতে চান, কিন্তু আপনি একটি বিরক্তিকর বোকা"
"এই স্লট সারা রাত ডিস্কো বাজিয়েছে, এবং অনেক পুরুষের সাথে ফ্লার্ট করেছে, আমার মনে হয় সে নির্লজ্জ।"
"তুমি একজন বদমাশ, তুমি অন্যদের নিয়ে খারাপ কথা বলতে পছন্দ করো যখন তোমার কিছুই করার থাকে না, তোমার চরিত্র তোমার চেহারার মতোই কুৎসিত।"
তোমার স্বার্থপর আচরণকে আমি ঘৃণা করি। তুমি একটা জাঙ্ক।
"এই লোকটি আসলে নিজেকে ভগবান মনে করে, এবং সকলের সাথে ব্রত হিসাবে ব্যবহার করে, যদি আপনার সাহস থাকে তবে আমার থেকে জাহান্নাম বের করুন!"
আপনি একটি মস্তিষ্ক-ক্ষয়প্রাপ্ত জন্তু যার চিন্তা করার ক্ষমতা নেই!
"জারজ, তুমি সারাদিন আমাকে ভালোবাসো বলো, কিন্তু তুমি শুধু আমাকেই কষ্ট দাও তোমার মতো মানুষ সত্যিই অকেজো।"
এই কোম্পানী হল একগুচ্ছ লোভী মূর্খ যারা অন্য মানুষের অনুভূতি নির্বিশেষে শুধুমাত্র নিজেদের স্বার্থের কথা চিন্তা করে।
"কে তোমাকে আমার দিকে তাকালো? যদি তুমি সাহস করে আমার দিকে তাকাও, আমি তোমাকে অন্ধ করে দেব!"
"এই জারজরা সত্যিই জানে না যে তারা কীভাবে এটি করেছে, তারা একটি সাধারণ কাজও সম্পূর্ণ করতে পারে না এবং তারা এখনও আমার কাছে টাকা চাইতে মুখ করে আছে।"
"দুশ্চিন্তা, তোমার মা যদি তোমার পা না খুলত, তবে তোমাকে অনেক আগেই হাসপাতালের ময়লার স্তূপে ফেলে দিতেন!"
"এই মানুষগুলো আসলেই সস্তা। তাদের পরিবার থাকা সত্ত্বেও তারা প্রতারণা করতে চায়। তারা জানে না কিভাবে তাদের সামনে মানুষকে লালন করতে হয়। শীঘ্রই বা পরে, প্রতিশোধ নিতে হবে।"
"চলে যাও! তুমি জারজ, নির্দোষ হওয়ার ভান করছ, তুমি স্পষ্টতই একজন পতিতাবৃত্তি।"
"এভাবে কি করছো, এখান থেকে যাও আর সবাইকে দেখতে দাও তুমি কত নোংরা!"
"আমার সাথে যৌনতা করবেন না, আপনি যদি আবার মেজাজ নিয়ে খেলেন তবে আমি আপনাকে দুশ্চরিত্রা হিসাবে টেনে নিয়ে যাব!"
"তুমি একটা বদমাইশ।তুমি অসংখ্য পুরুষের সাথে শুয়েছ, তোমাকে বেশ্যার মত দেখতে।"
"স্যার, আপনি কিছু বুঝতে পারছেন না, কিন্তু আপনার নার্ভ আছে বাইরে এসে চোখ দেখানোর!"
সমাজে কোন অবদান না রাখার জন্য আপনার মত বদমাশকে গুলি করা উচিত
"তুমি জারজ, আমি মনে করি তোমার বাবা-মাকে খুশি হওয়া উচিত যে তুমি ছেলে নও, নতুবা তাদের তোমার মতো অকেজো শিশ্ন হবে। তুমি বিষ্ঠার স্তূপের মতো, কেউ তোমাকে স্পর্শ করতে চায় না, কেউ তোমাকে চায় না। আপনার উপস্থিতি এই পৃথিবীকে আরও কুৎসিত করে তোলে।"
"তুমি ছোট্ট বেজন্মা, তোমার মুখে কথা বলছ, এবং ঠিক বিপরীত আচরণ করছে, মাটির পিছনে, নিন্দা করে বিষ প্রয়োগ করে, ভেবেছ যে তুমি বুদ্ধিমান? আপনি একজন চতুর খলনায়ক।"
আপনি জানেন যেখানে কিছু এলোমেলো কিন্তু মজার জায়গা আছে?
"আমি দেখতে পেলাম যে আপনি সত্যিই স্বার্থপর, সারাদিন ধরে কীভাবে সুবিধা নেওয়া যায় তা নিয়ে ভাবছেন।"
"তুমি অসংযত কথা বল, শূকরের মত শপথ কর, এবং কুকুরের মত ঘেউ ঘেউ কর। অবশ্যই আমি ভদ্র হব না। তুমি যে ফলাফল চাও, তুমি শুধু মরতে পারো!"
"আমি সত্যিই তোমাকে চুদি, তুমি বোকা, তুমি আমাকে প্রতিবারই ধরে রাখো।"
"তুমি কে, এমন অভদ্র ভাষায় তোমার নোংরা কথা কিভাবে ছড়াতে পারো"
"এটা একটা অপচয়, কিছুই না, কিন্তু সারা দিন এটা ভেবে, বাড়িতে থাকার ভান করে!"
"তুমি শ্লাট, মনে করো না তোমার ছোট পা এবং কোকুয়েটিশ চেহারা আমাকে বিভ্রান্ত করতে পারে, তোমার ছেঁড়া মেকআপ এবং সবে সমর্থিত ওজন ইতিমধ্যেই সবকিছু ব্যাখ্যা করেছে, আমার সামনে সুন্দর হওয়ার ভান করো না, এটা ঘৃণ্য।"
"ওহ, ছোট ছেলে, তোমার সত্যিই কিছু দক্ষতা আছে! এটা দুঃখের বিষয় যে আপনার বাবা-মা আপনাকে একটি ভাল মস্তিষ্ক দেননি, অন্যথায় আপনি একজন উচ্চ শ্রেণীর মানুষ হতেন।"
"বোকা মেয়ে তোমায় দেখে আমার মনে হয় পৃথিবীর সবচেয়ে ভয়ঙ্কর জিনিস হল তোমার মস্তিষ্ক ভুল জায়গায় বড় হয়, তুমি বোকা মাত্রই মানসিক প্রতিবন্ধী।"
"পৃথিবীটা ঝাঁকুনিতে ভরা, কিছুই তোমাকে বাঁচাতে পারবে না, একটা ঝাঁকুনি, একটা ফাউল-মুখের ঝাঁকুনি, এটাই তুমি!"
"আপনার মতো একজন ব্যক্তি যে পরিবারের অর্থ খারাপ কাজে ব্যবহার করে সত্যিই পাগল, এমনকি বৃদ্ধ লোকটিও ভয় পায় না, এটি সত্যিই বিশ্বাসযোগ্য!"
"এই মুভিটি এক টুকরো টুকরো টুকরো, অভিনেতারা শূকরের মতো কাজ করে, এবং পরিচালক একজন বোকা।"
"তোমার মা যৌনসঙ্গম, আপনি যৌনসঙ্গম দুশ্চরিত্রা, আপনি আপনার নোংরা শরীর দিয়ে আমাকে প্রলুব্ধ করতে চান?"
এবং আপনি কীভাবে এটি পরিচালনা করতে হয় তা জানেন না এবং আপনি নোংরা কথা বলতে থাকেন।
ভাববেন না যে আপনার অর্থ এবং মর্যাদা আছে বলে আপনি অন্যদের ধমক দিতে পারেন। আপনি কি নিজেকে রাজা মনে করেন? আপনি কি মনে করেন আপনি অন্য মানুষের জীবনের সাথে জগাখিচুড়ি করতে পারেন?
"তুমি একটা বোকা, তুমি একটা বোকা, তোমার কোন সাধারণ জ্ঞান নেই, আর তুমি সারাদিন ভান করছো, এটা সত্যিই আশাহীন।"
"আমি বরং আপনার কথা শোনার চেয়ে বিষ্ঠা খেতে চাই, আপনার ঘৃণ্য কণ্ঠস্বর যেন নরক থেকে আসছে।"
"জারজ, তুমি কোম্পানিকে নষ্ট করে দিয়েছ, এটা তোমার দোষ।"
"তুমি বুদ্ধিহীন বোকা, এখান থেকে চলে যাও এবং আমাদের একা ছেড়ে দাও"
"আপনার মস্তিষ্ক আপনার নিতম্বের মতোই, এটি সবই ফার্টিংয়ের জন্য, আপনার মস্তিষ্ক মল পূর্ণ কিনা জানি না"
"তুমি ছিন্নমূল, জনসম্মুখে নোংরা, তুমি অশিক্ষিত, তুমি এই পৃথিবীতে বেঁচে থাকার যোগ্য নও।"
"ফাক ইউ জারজ, অর্থ প্রতারণা করছেন এবং ন্যায়বিচারের বোধ করার ভান করছেন।"
"আপনি বিকৃত, সর্বদা অন্য মানুষের স্তন এবং নিতম্বের দিকে তাকাচ্ছেন, প্রতিক্রিয়া করার জন্য আপনাকে এই জিনিসগুলি দেখতে হবে না?"
তুমি জারজ আবর্জনার ক্যানের চেয়েও খারাপ।
"তুমি বোকা, তোমার মত আবর্জনার টুকরো কেউ কি করে পছন্দ করবে?"
"তুমি একটা শয়তান, তুমি তুচ্ছ এবং নির্লজ্জ, ক্যান্সারের মত, স্ব-ধার্মিক এবং চরম দুর্নীতিগ্রস্ত, তোমার অনেক আগেই তোমার মায়ের পেটে মারা যাওয়া উচিত ছিল।"
"নোংরা মানুষ, তুমি খাওয়া-দাওয়া ছাড়া আর কিছুই করতে পারো না, কী মূল্যহীন অপচয়!"
"আমি শুধু পান করতে পছন্দ করি, আমার যা খুশি তাই করতে পারি, কেউ যেন আমাকে বাধা না দেয়"
"এই লোকটা একটা পার্ভার্ট, সে সারাদিন শুধু ছোট মেয়েদের কিভাবে পটানো যায় সেটা নিয়েই চিন্তা করে, সে আসলেই একটা ঘৃণ্য বদমাশ।"
"তুমি একটা শয়তান, আমি সত্যিই জানি না আপনি কোথায় আত্মবিশ্বাসের সাথে কথা বলেন."
"আপনি একটি দুশ্চরিত্রা, কিন্তু আপনি পানীয় ছাড়া কিছুই করতে পারবেন না, সারা দিন ধর্মনিন্দা, আসল জিনিস কি? তবুও ভাবুন আপনি কে, তাই সবাই আপনাকে ভয় পায়।"
"এই সমাজে একদল স্বার্থান্বেষী কুকুর একে অপরের সাথে কুৎসা রটনা করছে।দেখুন সেই রাজনীতিবিদরা, এরা সবাই বাহ্যিক নোংরা।তারা নিজেদের ক্ষমতা ও মর্যাদার জন্য যা কিছু করতে পারে।এরা মানুষ হওয়ার যোগ্য নয়!"
"এই ""রাজনৈতিকভাবে সঠিক"" আজেবাজে কথা বিশ্বাস করা কতটা বোকা"
"ধিক্কার, এই জারজ এত বোকা, আমার সামনে bitch হওয়ার ভান করার সাহস কি করে? !"
"যে ঘটনাগুলি বিজ্ঞানীরা ব্যাখ্যা করতে পারেনি তা ঘটেছে, হিংসাত্মক কর্মকাণ্ড যা ভূত দ্বারা চালিত বলে মনে হয় এবং সন্ত্রাসী কর্মকাণ্ড মানুষের জীবনকে পূর্ণ করে দেয়"
কথা বলতে থাকলে তোর জামা খুলে একটু একটু করে ধর্ষণ করব!
"তুমি একটা নোংরা কথাও বলতে পারবে না, তুমি কিসের কথা বলছ, কে জানে না তুমি একটা বোকা"
"কুত্তা, তোমার বিবেক কি কুকুর খেয়েছে? আপনি সত্যিই নির্লজ্জ অন্য লোকেদের সাথে মিলিত হওয়ার জন্য যদিও আপনি জানেন যে তাদের স্ত্রী আছে।"
"তুমি ঘৃণ্য ভিলেন, তুমি সারাদিন শুধু ষড়যন্ত্রে লিপ্ত, অন্যের অনুভূতি ও স্বার্থ নিয়ে খেলো, তুমি সম্পূর্ণ ভিলেন।"
"দুশ্চরিত্রা, প্রতিদিন আন্ডারওয়্যারের মতো পুরুষদের পরিবর্তন করা এবং এখনও এখানে দেখানোর চেষ্টা করা আপনার পক্ষে নির্লজ্জ।"
"তুমি, এই নোংরা আবর্জনা, তুমি একটা জারজ! আপনি সারা দিন কাজ করেন না, আপনি কেবল মানুষকে এবং বোকাদের প্রতারণা করেন। সমাজকে উন্নত করতে আপনার মতো লোকদের পুলিশকে নিয়ে যাওয়া উচিত!"
"তুমি মোটা শূকর, তুমি যা খাও তা খাবার নয়, আবর্জনা। তুমি যদি এত মোটা হও এবং বাইরে যাওয়ার সাহস করো, তবে তুমি সত্যিই হতাশ।"
"বোকা, তুমি একটা তুচ্ছ ব্যাপারও সামলাতে পারো না, তোমার সাহস হলো কিভাবে?"
"এই ছোট্ট কুত্তাটি এমন একটি বখাটে, সে সারাদিন পুরুষে পরিপূর্ণ থাকে, এবং যখন সে তার পা খোলে তাকে একটি কুত্তার মতো দেখায়"
"সেই দুশ্চরিত্রা এমনকি আমার কাছে টাকা ধার নিতে এসেছিল, কী রে"
"তুমি জারজ, আমার সামনে সবসময় ভালো মানুষ হওয়ার ভান করো না, আসলে তুমি একজন নিকৃষ্ট এবং নির্লজ্জ ভিলেন। আমি তোমাকে ঘৃণা করি।"
এই কোম্পানীটি খুব কালো মনের। এটি নিম্নমানের পণ্য বিক্রি করে এবং একটি উচ্চ-সম্পন্ন ব্র্যান্ড হওয়ার ভান করে। এটি কেবল মিথ্যাবাদী।
"তোমার মুখ থেকে যেটা বেরোচ্ছে সেটা শুয়োরের মতো, এটা অসহ্য!"
"তুমি বোকা, তুমি যোগ, বিয়োগ, গুণ ও ভাগ করতে পারবে না"
"আমি মনে করি আপনি দুশ্চরিত্রা একজন মানুষ হিসাবে খুব ভাল, এবং আপনি যখন বিরোধ বপন করার কথা বলেন তখন আপনি অন্যদের পছন্দ করেন না।"
"সেই মহিলাকে সত্যিই কুৎসিত দেখাচ্ছে, এখনও বেরিয়ে আসার সাহস করে, সত্যিই বাঁচতে চায় না!"
"আপনার ডিপ্লোমা এক টুকরো কাপড়ের মতো, এবং এর কোনও মূল্য নেই।"
"তুমি জঘন্য কুত্তা, স্ব-ধার্মিক গাধা, আত্মপ্রেম এবং সম্মান কি তা জানো না।"
"এই সমাজ আসলেই একটা জগাখিচুড়ি, সব রকমের ঝাঁকুনি আর আবর্জনায় ভরা, কোনো ন্যায়বিচার ও নৈতিকতা ছাড়াই এটা জাহান্নাম!"
"আমি যখন তোমাকে বোকা দেখছি তখন আমার মনে হয়, তুমি পালকের চেয়েও খারাপ।"
"আপনি একটি নোংরা, ক্ষমতা এবং অর্থের লোভী"
"সেই লোকটি একজন সত্যিকারের জারজ, আমাকে অর্থ এবং প্রতারণার অনুভূতি দিয়ে প্রতারণা করছে, কেবল একটি দুশ্চরিত্রা।"
"সত্যি কথা বলতে, কেউ আপনাকে মোটেও ভালবাসে না, আপনার জীবন একটি ট্র্যাজেডিতে পরিণত হবে।"
"তোমার দিকে তাকাও, তোমাকে সারাদিন বোকার মতো দেখাচ্ছে, কিন্তু তুমি খাও এবং ঘুমাও।"
"তুমি কুত্তা, তুমি শুধু কুৎসিতই নও, তুমি সারাদিন খাঁটি এবং নিষ্পাপ মেয়ে হওয়ার ভানও করো, আসলে তুমি পর্দার আড়ালে যা করো তা অন্য কারো চেয়ে ঘৃণ্য।"
"জারজ, তুমি শুধু কিছু সস্তা কাজ করো, তুমি মানুষ হওয়ার যোগ্য নও"
"সে শুধু একটা বোকা কুকুর, একটার পর একটা ভুল করছে"
"আজকের সমাজে, এটি অশিক্ষিত এবং অযোগ্য আবর্জনায় পরিপূর্ণ, এবং কেউ এটিকে গুরুত্ব সহকারে নিতে পারে না।"
"তুমি দুশ্চরিত্রা, তুমি সত্যিই নির্লজ্জ, তুমি সবসময় পুরুষদের আঁকড়ে ধরতে যাও, লোকেদের দেখে বমি করতে ইচ্ছে করে।"
"কুত্তার ছেলে, তুমি আমার সঙ্গে কথা বলার যোগ্য নও, আমার সামনে না থাকার যোগ্য নও, এবং তোমার ধ্বংস হয়ে যাওয়া বাড়িতে তাড়াহুড়ো করে ফিরে যেও না!"
"আমি তো তোর মা নই, তোর জন্য আমি কেন নিজের জগাখিচুড়ির সমাধান করব?"
আপনার ফিগার দেখে আপনি বলতে পারেন যে আপনি একাধিকবার পুরুষদের দ্বারা অভিনয় করেছেন!
"সে একটি নোংরা দুশ্চরিত্রা, এবং তার সাথে বিছানায় যাওয়া নিজেকে হত্যা করার মতো।"
"তুমি জারজ, সারাদিন পর্নোগ্রাফিতে আসক্ত, তোমার একটা নৈতিক তলানিও নেই, আমার মনে হয় তুমি পশুর চেয়েও খারাপ।"
লোকেদের কাছে বেশি অর্থ থাকার কারণে লোকেদের বোকা বলা শুরু করা দেখতে বিরক্তিকর
কে বলতে পারে আপনি একজন গাধা নন?
"সে একজন অনিচ্ছুক বোকা, নোংরা কথায় ভরা, অশ্লীল বর্ণনায় ভরা, সে আমাকে বিরক্ত করতে পারে।"
"আপনি একটি দুশ্চরিত্রা ছেলে, যদি আপনি একটি বাস্তব জিনিস আছে, স্পর্শ লুকান না, আমার সাথে বেরিয়ে আসা সিদ্ধান্ত সম্মুখীন হও!"
"এই দলটি ভয়ানক, এটি একগুচ্ছ আবর্জনা, খেলাটি মোটেও উত্তেজনাপূর্ণ নয়, এটি সবই ধূর্ত, এটি আমার অনেক সময় এবং অর্থ নষ্ট করেছে।"
"কুত্তা, তুমি কি আমার সাথে থাকার প্রতিশ্রুতি দাওনি? আপনি এখন অন্য পুরুষদের পটাতে যাচ্ছেন কেন? তোমার মত মানুষ ভালবাসার যোগ্য নয়!"
"আমি এক টুকরো বিষ্ঠা, কিন্তু তোমার চেয়েও ভালো"
"তুমি এমন জারজ, তুমি ইঁদুরের মতো ঘুরতে থাকো, তুমি মোটেও ভদ্র হতে জানো না, তোমার বাবা ঠিক তোমার মতো, সে শুধু বোকা বানাতে পারে, তুমি শুধু মুখে অভিশাপ দিয়ে থাকো, যে কেউ তোমাকে স্পর্শ করলে তুমি কষ্ট পাবে"
"আমি একটা ফাকিং বোকা, অশিক্ষিত ও অশিক্ষিত, কিন্তু আমি ধনী, আর আমি তোমার নাগালের বাইরে!"
"তুমি খুব বিরক্তিকর, সেই অশ্লীল চেহারা, সেই কুৎসিত মুখটি ঢিলেমি ভরা"
"কুত্তার মতো তোমার রূপ দেখো, তুমি কথা বলার সময় কেন আভিজাত্যের ভান করো?"
"এই ছোট্ট দুশ্চরিত্রা, যে সারাদিন ইন্টারনেট ঘেঁটে থাকে এবং কিছুই বোঝে না, এখানে তার বোকা মন্তব্য প্রকাশ করার স্নায়ু আছে।"
"আপনি বৃদ্ধ মহিলা, আপনি সারা দিন একগুচ্ছ অগোছালো জিনিস, এবং আপনাকে অর্থপূর্ণ কিছু করতে হবে, ঠিক আছে?"
"সমাজের সকল প্রকার অন্যায় মানুষকে ক্ষুব্ধ করে, এবং কেউ আমাদের প্রতিরোধ থামাতে পারে না, এটি আসে এবং দ্রুত যায়, এমনকি আত্মাও কেড়ে নেওয়া হয়।"
"আপনি মোটা শূকর, আপনি এক নজরে বলতে পারেন যে কোনও মহিলা আপনাকে চায় না, তাই আপনি কেবল ইন্টারনেটে আপনার একঘেয়েমি এবং একাকীত্ব প্রকাশ করতে পারেন।"
"লোকটি আমাকে দেখার সাথে সাথেই চিৎকার করে উঠল, ""আরে মেয়ে, কফির কথা কেমন?"" আমি ঠিক তখনই তাকে ঘুষি মারলাম।"
"ফাক, তুমি ট্র্যাশ, তুমি কি মনে করো যে তোমার ফ্যামিলি ব্যাকগ্রাউন্ড যা খুশি তাই করতে পারে? তুমি কিছুই জানো না, তুমি পর্যাপ্ত খেতেও পারো না, তুমি এখানে কি দেখাতে চাও?"
"আমি আমার অর্থ একজন বান্ধবীর সন্ধানে ব্যয় করি, আমার কাছে টাকা নেই বলে নয়, তবে কীভাবে খেলতে হবে তা ভাবার মতো আমার কাছে টাকা নেই, কেবল একটি সুন্দরী খুঁজে বের করুন।"
"আপনি কি একটি জারজ, আপনি জ্ঞানের জন্য শুধুমাত্র নোংরা শব্দ ব্যবহার করতে পারেন, এবং আপনি এমনকি একটি সজ্জা একটি শব্দও বলতে পারেন না, এটা ভয়ানক."
"খাবার এবং পানীয় প্রতারণা করা ছাড়াও, এই আবর্জনার আর কী দক্ষতা রয়েছে?"
"আপনি ঘৃণ্য ভিলেন, এমনকি মানবতার সবচেয়ে মৌলিক বিষয় ছাড়া, সম্পদ দখল করার জন্য সমস্ত উপায় ব্যবহার করছেন। আপনি নোংরা লোক, যে বিবেক কি জানেন না, তাকে সমাজের দ্বারা দূরে সরিয়ে দেওয়া উচিত।"
"জারজ, তোমার কোনো আত্মসম্মান নেই, তুমি ক্ষমতাবানদের সামনে নিজেকে সেজদা করে সারাদিন কুকুরকে চাটাও, তোমার নিজের মর্যাদা ও ব্যক্তিত্বও তুমি চাও না।"
"তুমি দুশ্চিন্তা মনে করো না, তুমি তোমার মুখের সাথে চলতে পারবে, তুমি শুধু একটা বোকা শূকর!"
আপনি একটি পর্ণ উপন্যাস যার কোন আত্মা এবং কোন বাস্তব বুদ্ধি নেই
"তুমি বোকা, কে তোমার বাবা, তুমি এটা করছ, এটা ভয়ানক!"
"তুমি মোটা মানুষ, নিজের দিকে তাকাও, তোমার পেট প্রায় মাটিতে ঝুলে গেছে, মনে করো না যে খাওয়া-দাওয়াই সুখ, তোমার নোংরা চেহারা দিয়ে তোমাকে কে চাইবে।"
"এই রেস্তোরাঁটি এত ব্যয়বহুল, এটি কেবল অর্থ লুট করছে, যারা এত ব্যয়বহুল জিনিস খেতে চায়।"
"এটি একগুচ্ছ কুকুরের মেয়ে, এমনকি একটি গাধাও যেতে দেওয়ার সাহস করে না, কথা বলার জন্য পিছনের দিকে জেনে, আপনি এই কাপুরুষরা সিদ্ধান্তের মুখে আমার সাথে একরকম দাঁড়িয়ে আছেন!"
"আমার ভগবান তোর মা, তুই এতই সব যে তুই এখনো মুখ বুজে বলে তুই সক্ষম? কী অপচয়!"
তার মৃত ভূতের বাবা আসলে আমাকে একজন পতিতা হিসাবে গণ্য করেছিলেন এবং টাকা দিয়ে আমার মুখ বন্ধ করার জন্য জোর দিয়েছিলেন।
এটা ঘৃণ্য যে কেউ এই ধরনের শপথ বাক্য এবং অপমান সহ্য করতে পারে
"তোমার মতো বোকা দেখেছিস, আমার পথ থেকে সরে যাও, আমার জীবন নিয়ে এলোমেলো করো না"
তুমি কি করেছ তাও জানো না!
"আবর্জনা ও নর্দমায় ভরা এই নোংরা স্থান এবং বাতাসে দুর্গন্ধ, পৃথিবীতে নরক।"
সমাজে অনেক মূর্খ আছে যারা মাদককে এক ধরনের ভোগ মনে করে। মাদক ব্যবসায়ীরা ঘৃণ্য
"আমি তোমাকে বলছি, বাচ্চা, তোমাকে ভবিষ্যতে সদয় হতে হবে, আবার খারাপ জিনিস শিখবে না, অন্যথায় আমি গ্যারান্টি দিচ্ছি তুমি কুৎসিতভাবে মারা যাবে।"
"আপনি মোটা মানুষ, প্রতিদিন কম্পিউটারের স্ক্রিনের দিকে তাকিয়ে থাকা ছাড়া আর কি করেন? আপনি একজন সাধারণ মানুষের মতো ভালোও নন, আপনি সামাজিক অপচয়।"
"তুমি বোকা, মনে করো না যে তুমি একজন পুরুষ হওয়ার কারণে তুমি মেয়েদেরকে অকথ্যভাবে ধমক দিতে পারো, তোমাকে আবর্জনার স্তূপে ফেলে দেওয়া উচিত।"
"আপনি দুশ্চরিত্রা, পুরুষদের প্রলুব্ধ করার জন্য দিনরাত, তবুও নিজেকে ভাবুন কী দুর্দান্ত সৌন্দর্য"
"তুমি মোটা মানুষ, তুমি সারাদিন শুধু খাও আর খাও, তোমার রেফ্রিজারেটরও তোমাকে মানাতে পারে না, মোটা শূকর।"
তোমার বাবা-মা যাদের কোন গাধা নেই তারা তোমার মত বোকার জন্ম দিয়ে সমাজকে এক প্রকার দূষণ করছে।
"তোমার বাবা-মা নিশ্চয়ই তোমাকে কখনোই ভালোবাসেননি, নইলে এমন নির্লজ্জ ও অশ্লীল লোকের জন্ম কিভাবে দিতেন?"
"আমি আপনাকে ছোট মেয়েদের দেখতে পাচ্ছি, কোনও স্তন নেই, অতিথিদের স্বাগত জানাতে চিন্তা করতে?"
"যতক্ষণ না আপনি গাড়িটি দরজার কাছে নিয়ে যেতে পারেন, এই বৃদ্ধ লোকটি গণনা করে না, আপনার কী মনে হয়!"
পতিতা ছাড়া আর কি করিস?
আমার সাথে আপনার মেজাজ হারানোর সাহস কিভাবে? আমি মনে করি আপনি এখনও বুঝতে পারেন নি পরম নিরাপত্তা কি!
"তুমি দুশ্চরিত্র, সারাদিন পুরুষের সামনে দেখাও, লজ্জা জানো না!"
"তুমি ক্যান্সার, তোমার অস্তিত্ব এই পৃথিবীর জন্য দূষণ, আমি নিজেও জানি না তুমি কিভাবে বড় হয়েছ।"
"তুমি মোটা শূকর, তুমি সারাদিন খাও আর খাও, তোমার ওজন কবে কমবে?"
"তোমাকে বলি, তুমি জারজ আমার চোখে মোটেও মানুষ নও।"
"যে বেশ্যা জানে আমার একটি বান্ধবী আছে এবং এখনও আমার সাথে ফ্লার্ট করে, এটা সত্যিই সস্তা।"
"আপনি এতটাই অজ্ঞ যে আপনি বিরক্তিকর জিনিসগুলি দেখলেও বিরক্ত বোধ করেন না, আপনি শূকরের চেয়েও বোকা।"
"আপনি বোকা, আপনার মস্তিষ্ক প্লাবিত, আপনি এমনকি একটি সহজ সমস্যা সমাধান করতে পারেন না, আপনি একটি প্রাথমিক ব্রেন টিউমার আক্রমণ হয়েছে?"
"তুমি ঘৃণ্য ও নির্লজ্জ বখাটে, তুমি সারাজীবন শুধু নোংরা কাজ করবে"
"তুমি বড় বোকা, তোমার মাথায় বিষ্ঠা ছাড়া আর কি আছে?"
"তুমি দুশ্চিন্তা, সারাদিন তোমার শরীর দেখাও, তুমি কি মনে করো? আপনি একটি নিচু বেশ্যা ছাড়া আর কিছুই নন, এমনকি একজন আত্মপ্রেমী মহিলাও নন!"
"তুমি কুত্তা, তুমি সারাদিন নির্দোষ হওয়ার ভান করো, কিন্তু তুমি আসলে একজন কসাই, তুমি একজন মানুষকে তোমার বিছানায় টেনে নিয়ে যেতে চাও, আর অন্যকে তার মূল্য দিতে চাও, তুমি কতটা নির্লজ্জ!"
"এই ছোট্ট দুশ্চরিত্রা, যতবারই সে আমাকে দেখে, সে করুণ খেলা করে, কিন্তু আমি জানি সে একটি সাপ, কেউ কুত্তা চায় না।"
"আপনি আবর্জনা, আপনি এমনকি সবচেয়ে মৌলিক শিষ্টাচার বুঝতে না! আপনার চেহারা দিয়ে, কোন মহিলা আপনাকে পছন্দ করবে না!"
"যে আপনাকে বাইরে আসতে বলেছে সে বিব্রতকর, মনে করবেন না যে ফ্যাশনেবল ড্রেসিং আপনার কদর্যতা ঢেকে দিতে পারে!"
আবেগ নিয়ে খেলা করা এই পুরুষরা নোংরা। তারা নারীদের খেলনার মতো আচরণ করে এবং খেলতে গেলে তাদের ফেলে দেয়। তাদের কোনো দায়িত্ব ও দায়বোধ নেই। তাদের আচরণ নীতি ও নৈতিকতা লঙ্ঘন করে এবং আইনের দ্বারা অনুমোদিত এবং নিন্দা করা উচিত।
আপনি একজন বিকৃত ব্যক্তি যিনি যৌন নিপীড়ন খেলতে পছন্দ করেন এবং একজন নির্লজ্জ জন্তু যিনি মানুষের দ্বারা মারধরের যোগ্য।
"জারজ, তুমি আঘাত পেলেও, তুমি তোমার জন্য অন্য কাউকে কষ্ট পেতে দিতে পারবে না"
"আপনি যদি নিজেকে এত বোকা মনে করেন, আপনি পুলিশের হাতে গ্রেপ্তার হওয়া এড়াতে পারেন, তবে শেষ পর্যন্ত আপনি একটি করুণ মৃত্যুতে মারা যাবেন।"
"এই লোকটি এমনই নষ্ট। সারাদিন তার কিছুই করার নেই, নিজের ভরণপোষণের জন্য তার স্ত্রীর উপর নির্ভর করে, এবং অন্যরা তাকে সম্মান করতে চায়। কি একটি আলস্য."
"মহিলারা প্লাস্টিকের ফুলের মতো, কখনই আসল স্বাদ থাকে না, আমি দেখতে পাচ্ছি আপনিও ব্যতিক্রম নন, সেটটি মুখে বলেছিল, আসলে একটি দুশ্চরিত্রা।"
"তুমি বোকা, তুমি যা বলো তা ফালতু, তুমি মানুষ হওয়ার যোগ্য নও।"
"এই লোকটি অসুস্থ, সে তার স্ত্রীকে তার নিজের খেলা বলে মনে করে, কেবল তার নিজের ইচ্ছা পূরণ করে এবং তার স্ত্রীর অনুভূতিকে উপেক্ষা করে।"
"আমি দেখছি তুমি বোকা, আক্রমনাত্মক হওয়ার ভান করা এবং পর্যাপ্ত খাওয়া ছাড়া তোমার কিছুই করার নেই, তুমি কিছুই করতে পারবে না।"
ভাববেন না যে আপনার কাছে টাকা আছে বলে আপনি মানুষকে ধমক দিতে পারেন। আপনি কি ভেবে দেখেছেন মানুষ আপনাকে কিভাবে ভাববে?
"জারজ, তুমি একটা অবাঞ্ছিত আবর্জনা, এখান থেকে বের হয়ে যাও।"
"তুমি বোকা, মনে করো তোমার অধিকার আছে, তুমি যা খুশি তাই করতে পারো!"
"আপনি একজন নোংরা ছোট মানুষ যিনি অন্যের জিনিসপত্র চুরি করেন, এবং আপনি সাধারণ মানুষের মূল কথা জানেন না।"
"আজকের তরুণেরা জানে না প্রকৃত মূল্যবোধ কী। তারা শুধু অর্থ ও বস্তুগত জিনিসের পেছনে ছুটতে জানে, আর জীবনকে আদৌ লালন করতে জানে না।"
"তুমি খারাপ জিনিস, তুমি আসলে একটা যুবতীকে আক্রমণ করেছিলে, তুমি মরলে না কেন? এই পৃথিবীতে বেঁচে থাকার জন্য আপনার কী যোগ্যতা থাকতে হবে?"
"আপনি একটি দুশ্চরিত্রা, আপনি এমন আচরণ করেন যেন সবাই আপনাকে সারা দিন ভালবাসে, ভাববেন না যে আপনি কিছু।"
"হে জারজ, তোমার মানবতা নেই, সারাদিন দুর্বলদের মারধর!"
"অভিশপ্ত বিষ্ঠা দিয়ে ভরা কুত্তার ছেলে, অন্য কাউকে বলার অধিকার তোমার কী!"
"আপনি নোংরা নোংরা, আপনি সত্যিই অশিক্ষিত এবং অনৈতিক, আপনি কেবল একটি ঘৃণ্য ভিলেন, সবাই আপনাকে চিৎকার করে এবং মারধর করে।"
"আমি জানি না আপনি এখন কীভাবে এই মানসিক ব্যাধি থেকে বাঁচতে পারবেন, এমনকি একটি সাধারণ প্রশ্নও উত্তর দেবে না, এটি খুব লজ্জাজনক।"
"নোংরা জানোয়ার, মরে যাও! আমি শুধু তোমার মুখ থুতু ফেলব এবং তোমার দিকে তাকাব।"
"আপনি যদি কেবল মাথা এবং লেজ ছাড়া কিছু বলছেন, তবে কোনও যুক্তি নেই, আপনার মায়ের পেটে ফিরে যান এবং এটি পুনর্নির্মাণ করুন।"
"তুমি এমন একটা বোকা, তোমাকে আবর্জনার মধ্যে ফেলে দেওয়াটা নষ্ট হবে না"
